{"sections":{"main":{"type":"main-article","blocks":{"title":{"type":"article-header","settings":{"blog_show_date":true,"blog_show_author":true,"image_height":"adapt","show_share_facebook":true,"show_share_twitter":true,"show_share_pinterest":true,"show_share_copy":true}},"content":{"type":"content","settings":{}},"ff6b0553-86e9-4a37-a52e-ab8ca9b2f0e0":{"type":"article-footer","settings":{"blog_show_date":true,"blog_show_author":true,"show_share_facebook":true,"show_share_twitter":true,"show_share_pinterest":true,"show_share_copy":true}}},"block_order":["title","content","ff6b0553-86e9-4a37-a52e-ab8ca9b2f0e0"],"settings":{"header_variant":"column"}},"1645795378d62d2dbf":{"type":"featured-blog","settings":{"heading":"You May Also Like","border_top":false,"border_bottom":false,"blog":"news","post_limit":3,"show_image":true,"show_date":true,"show_author":true,"show_view_all":true}},"newsletter":{"type":"newsletter","settings":{"color_scheme":"background-2","heading":"Subscribe to Our Newsletter","newsletter_text":"<p>By pressing the button “Subscribe”, you confirm that you have read and are agreeing to our <a href=\"\/collections\/all\" title=\"All products\">Terms of Use<\/a> regarding the storage of the data submitted through this form.<\/p>","full_width":true}}},"order":["main","1645795378d62d2dbf","newsletter"]}