{"sections":{"cart-items":{"type":"main-cart-items","settings":{"show_vendor":false}},"cart-footer":{"type":"main-cart-footer","blocks":{"subtotal":{"type":"subtotal","settings":{}},"buttons":{"type":"buttons","settings":{}}},"block_order":["subtotal","buttons"],"settings":{"show_cart_note":false}},"collection_products":{"type":"featured-collection","settings":{"title":"You May Also Like","title_size":"h3","title_number":"","title_number_size":100,"sub_title":"","text_information":"","text_align":"left","show_view_all":false,"button_label":"","button_style":"","button_order":"","collection":"","products_to_show":4,"products_to_show_row":4,"swipe_on_mobile":false,"image_ratio":"portrait","show_secondary_image":false,"show_vendor":false,"border_top":true,"border_bottom":false}},"newsletter":{"type":"newsletter","settings":{"color_scheme":"background-2","heading":"Subscribe to Our Newsletter","newsletter_text":"<p>By pressing the button “Subscribe”, you confirm that you have read and are agreeing to our <a href=\"\/collections\/all\" title=\"All products\">Terms of Use<\/a> regarding the storage of the data submitted through this form.<\/p>","full_width":true}},"dca6c8ee-f567-43a7-9112-7a88541383bd":{"type":"testimonials","blocks":{"template--14440785018998__dca6c8ee-f567-43a7-9112-7a88541383bd-166757340337ad1e24-0":{"type":"testimonials_slide","settings":{"slide_text":"“Description feedback from your buyers”","slide_star":"5","slide_name":"Name buyers","slide_country":"Country buyers"}},"template--14440785018998__dca6c8ee-f567-43a7-9112-7a88541383bd-166757340337ad1e24-1":{"type":"testimonials_slide","settings":{"slide_text":"“Description feedback from your buyers”","slide_star":"5","slide_name":"Name buyers","slide_country":"Country buyers"}},"template--14440785018998__dca6c8ee-f567-43a7-9112-7a88541383bd-166757340337ad1e24-2":{"type":"testimonials_slide","settings":{"slide_text":"“Description feedback from your buyers”","slide_star":"5","slide_name":"Name buyers","slide_country":"Country buyers"}},"template--14440785018998__dca6c8ee-f567-43a7-9112-7a88541383bd-166757340337ad1e24-3":{"type":"testimonials_slide","settings":{"slide_text":"“Description feedback from your buyers”","slide_star":"5","slide_name":"Name buyers","slide_country":"Country buyers"}},"template--14440785018998__dca6c8ee-f567-43a7-9112-7a88541383bd-166757340337ad1e24-4":{"type":"testimonials_slide","settings":{"slide_text":"“Description feedback from your buyers”","slide_star":"5","slide_name":"Name buyers","slide_country":"Country buyers"}},"template--14440785018998__dca6c8ee-f567-43a7-9112-7a88541383bd-166757340337ad1e24-5":{"type":"testimonials_slide","settings":{"slide_text":"“Description feedback from your buyers”","slide_star":"5","slide_name":"Name buyers","slide_country":"Country buyers"}},"template--14440785018998__dca6c8ee-f567-43a7-9112-7a88541383bd-166757340337ad1e24-6":{"type":"testimonials_slide","settings":{"slide_text":"“Description feedback from your buyers”","slide_star":"5","slide_name":"Name buyers","slide_country":"Country buyers"}}},"block_order":["template--14440785018998__dca6c8ee-f567-43a7-9112-7a88541383bd-166757340337ad1e24-0","template--14440785018998__dca6c8ee-f567-43a7-9112-7a88541383bd-166757340337ad1e24-1","template--14440785018998__dca6c8ee-f567-43a7-9112-7a88541383bd-166757340337ad1e24-2","template--14440785018998__dca6c8ee-f567-43a7-9112-7a88541383bd-166757340337ad1e24-3","template--14440785018998__dca6c8ee-f567-43a7-9112-7a88541383bd-166757340337ad1e24-4","template--14440785018998__dca6c8ee-f567-43a7-9112-7a88541383bd-166757340337ad1e24-5","template--14440785018998__dca6c8ee-f567-43a7-9112-7a88541383bd-166757340337ad1e24-6"],"settings":{"sub_title":"subheading","title":"Heading feedback from your buyers","color_scheme":"background-1","border_top":false,"border_bottom":false}}},"order":["cart-items","cart-footer","collection_products","newsletter","dca6c8ee-f567-43a7-9112-7a88541383bd"]}