{"sections":{"banner":{"type":"main-collection-banner","settings":{"show_collection_description":true,"show_collection_image":false}},"0982132e-84c6-4144-b64c-822248139dcb":{"type":"brand-image","blocks":{"template--17908467663121__0982132e-84c6-4144-b64c-822248139dcb-167663619200a278c4-0":{"type":"column","settings":{"title":"Brands","image_width":140}},"template--17908467663121__0982132e-84c6-4144-b64c-822248139dcb-167663619200a278c4-1":{"type":"column","settings":{"title":"Brands","image_width":140}},"template--17908467663121__0982132e-84c6-4144-b64c-822248139dcb-167663619200a278c4-2":{"type":"column","settings":{"title":"Brands","image_width":140}},"template--17908467663121__0982132e-84c6-4144-b64c-822248139dcb-167663619200a278c4-3":{"type":"column","settings":{"title":"Brands","image_width":140}},"template--17908467663121__0982132e-84c6-4144-b64c-822248139dcb-167663619200a278c4-4":{"type":"column","settings":{"title":"Brands","image_width":140}},"template--17908467663121__0982132e-84c6-4144-b64c-822248139dcb-167663619200a278c4-5":{"type":"column","settings":{"title":"Brands","image_width":140}}},"block_order":["template--17908467663121__0982132e-84c6-4144-b64c-822248139dcb-167663619200a278c4-0","template--17908467663121__0982132e-84c6-4144-b64c-822248139dcb-167663619200a278c4-1","template--17908467663121__0982132e-84c6-4144-b64c-822248139dcb-167663619200a278c4-2","template--17908467663121__0982132e-84c6-4144-b64c-822248139dcb-167663619200a278c4-3","template--17908467663121__0982132e-84c6-4144-b64c-822248139dcb-167663619200a278c4-4","template--17908467663121__0982132e-84c6-4144-b64c-822248139dcb-167663619200a278c4-5"],"settings":{"brand_to_show_row":6,"image_ratio":"adapt","column_alignment":"center","border_top":false,"border_bottom":false}},"02d45188-45a7-45ca-8d86-6d3c97c85d60":{"type":"brand-image","blocks":{"template--17908467663121__02d45188-45a7-45ca-8d86-6d3c97c85d60-167663619200a278c4-0":{"type":"column","settings":{"title":"Brands","image_width":140}},"template--17908467663121__02d45188-45a7-45ca-8d86-6d3c97c85d60-167663619200a278c4-1":{"type":"column","settings":{"title":"Brands","image_width":140}},"template--17908467663121__02d45188-45a7-45ca-8d86-6d3c97c85d60-167663619200a278c4-2":{"type":"column","settings":{"title":"Brands","image_width":140}},"template--17908467663121__02d45188-45a7-45ca-8d86-6d3c97c85d60-167663619200a278c4-3":{"type":"column","settings":{"title":"Brands","image_width":140}},"template--17908467663121__02d45188-45a7-45ca-8d86-6d3c97c85d60-167663619200a278c4-4":{"type":"column","settings":{"title":"Brands","image_width":140}},"template--17908467663121__02d45188-45a7-45ca-8d86-6d3c97c85d60-167663619200a278c4-5":{"type":"column","settings":{"title":"Brands","image_width":140}}},"block_order":["template--17908467663121__02d45188-45a7-45ca-8d86-6d3c97c85d60-167663619200a278c4-0","template--17908467663121__02d45188-45a7-45ca-8d86-6d3c97c85d60-167663619200a278c4-1","template--17908467663121__02d45188-45a7-45ca-8d86-6d3c97c85d60-167663619200a278c4-2","template--17908467663121__02d45188-45a7-45ca-8d86-6d3c97c85d60-167663619200a278c4-3","template--17908467663121__02d45188-45a7-45ca-8d86-6d3c97c85d60-167663619200a278c4-4","template--17908467663121__02d45188-45a7-45ca-8d86-6d3c97c85d60-167663619200a278c4-5"],"settings":{"brand_to_show_row":6,"image_ratio":"adapt","column_alignment":"center","border_top":false,"border_bottom":false}},"015f2a76-1b2e-4284-b3e7-fdb70bf5d968":{"type":"categories-list","blocks":{"template--17908467663121__015f2a76-1b2e-4284-b3e7-fdb70bf5d968-1676636240dcdf9595-0":{"type":"categories","settings":{"collection":""}},"template--17908467663121__015f2a76-1b2e-4284-b3e7-fdb70bf5d968-1676636240dcdf9595-1":{"type":"categories","settings":{"collection":""}},"template--17908467663121__015f2a76-1b2e-4284-b3e7-fdb70bf5d968-1676636240dcdf9595-2":{"type":"categories","settings":{"collection":""}}},"block_order":["template--17908467663121__015f2a76-1b2e-4284-b3e7-fdb70bf5d968-1676636240dcdf9595-0","template--17908467663121__015f2a76-1b2e-4284-b3e7-fdb70bf5d968-1676636240dcdf9595-1","template--17908467663121__015f2a76-1b2e-4284-b3e7-fdb70bf5d968-1676636240dcdf9595-2"],"settings":{"sub_title":"Categories","color_scheme":"background-2","border_top":false,"border_bottom":false}},"product-grid":{"type":"main-collection-product-grid","settings":{"products_per_page":16,"products_to_show_row":4,"image_ratio":"portrait","show_secondary_image":true,"show_vendor":true,"enable_filtering":true,"enable_sorting":true}},"7d1ee7d1-6085-429c-bb4c-bedf71ab3e2f":{"type":"featured-collection","settings":{"title":"Some header for your collection","title_size":"h2","title_number":"30","title_number_size":100,"sub_title":"Subheading","text_information":"Some descriptive text for your collection. For better alignment, it is better to use text in several lines","text_align":"left","show_view_all":true,"button_label":"Shop now","button_style":"primary","button_order":"above","collection":"","products_to_show":4,"products_to_show_row":4,"swipe_on_mobile":false,"image_ratio":"portrait","show_secondary_image":false,"show_vendor":false,"border_top":true,"border_bottom":false}}},"order":["banner","0982132e-84c6-4144-b64c-822248139dcb","02d45188-45a7-45ca-8d86-6d3c97c85d60","015f2a76-1b2e-4284-b3e7-fdb70bf5d968","product-grid","7d1ee7d1-6085-429c-bb4c-bedf71ab3e2f"]}