{"sections":{"cced065b-ca86-4ca7-88fd-6332def6b2a2":{"type":"image-banner","settings":{"title":"<p>Some header for your <span style=\"text-decoration:underline\">collection<\/span><\/p>","sub_title":"Subheading","text_information":"Some descriptive text for your collection. For better alignment, it is better to use text in several lines.","text_order":"row","text_align":"left","show_view_all":true,"button_label":"Shop now","button_style":"primary","button_link":"","image_position":"overlay","image_ratio":"adapt","round_stamp_enable":true,"round_stamp_text":"stockholm ~ stockholm ~","round_stamp_width":140,"round_stamp_size":50,"round_stamp_letter_spacing":8,"border_top":false,"border_bottom":false}},"testimonials":{"type":"testimonials","blocks":{"5786b7a7-f1e4-4f77-817a-239a058d1d45":{"type":"testimonials_slide","settings":{"slide_text":"“Description feedback from your buyers”","slide_star":"5","slide_name":"Name buyers","slide_country":"Country buyers"}},"8aa32965-4dd6-464a-bc1f-3df323268ff4":{"type":"testimonials_slide","settings":{"slide_text":"“Description feedback from your buyers”","slide_star":"5","slide_name":"Name buyers","slide_country":"Country buyers"}},"f53ffaaa-beb4-40cd-9410-7616f6526e53":{"type":"testimonials_slide","settings":{"slide_text":"“Description feedback from your buyers”","slide_star":"5","slide_name":"Name buyers","slide_country":"Country buyers"}},"a44d90e5-5a72-43a5-8bf3-61045aacc310":{"type":"testimonials_slide","settings":{"slide_text":"“Description feedback from your buyers”","slide_star":"5","slide_name":"Name buyers","slide_country":"Country buyers"}}},"block_order":["5786b7a7-f1e4-4f77-817a-239a058d1d45","8aa32965-4dd6-464a-bc1f-3df323268ff4","f53ffaaa-beb4-40cd-9410-7616f6526e53","a44d90e5-5a72-43a5-8bf3-61045aacc310"],"settings":{"sub_title":"subheading","title":"Heading feedback from your buyers","color_scheme":"background-1","border_top":false,"border_bottom":false}},"7f678616-85f8-4b7b-9b7b-49d76fd8f5ac":{"type":"custom-apps","blocks":{"b67334fa-5bbf-4026-a31d-26ccaa652560":{"type":"shopify:\/\/apps\/judge-me-product-reviews\/blocks\/featured_carousel\/61ccd3b1-a9f2-4160-9fe9-4fec8413e5d8","settings":{"maxwidth":1080}}},"block_order":["b67334fa-5bbf-4026-a31d-26ccaa652560"],"settings":{"include_margins":true}},"c7d216ef-fd78-4ff3-ae5d-250d94c48c4f":{"type":"custom-apps","blocks":{"40fd3bbc-e2a1-4ddc-9a70-5f9cc0dc959c":{"type":"shopify:\/\/apps\/shop-quiz-product-recommender\/blocks\/inline-quiz\/672f3d48-fd3b-4227-8778-c6e58c4f8a98","settings":{"quiz_id":"MnH2Ey","quiz_height":600,"quiz_autoscroll":true,"quiz_fixed_height":false}}},"block_order":["40fd3bbc-e2a1-4ddc-9a70-5f9cc0dc959c"],"settings":{"include_margins":true}},"5b62e258-cbc1-4c4c-b6ad-97fc827518f1":{"type":"image-banner","settings":{"title":"<p>Some header for your <u>collection<\/u><\/p>","sub_title":"Subheading","text_information":"Some descriptive text for your collection. For better alignment, it is better to use text in several lines.","text_order":"row","text_align":"left","show_view_all":true,"button_label":"Shop now","button_style":"primary","button_link":"","image_position":"overlay","image_ratio":"adapt","round_stamp_enable":true,"round_stamp_text":"stockholm ~ stockholm ~","round_stamp_width":140,"round_stamp_size":50,"round_stamp_letter_spacing":8,"border_top":false,"border_bottom":false}},"brand_image":{"type":"brand-image","blocks":{"16427697663acfda3c-0":{"type":"column","settings":{"title":"Brands","image_width":140}},"16427697663acfda3c-1":{"type":"column","settings":{"title":"","image_width":140}},"16427697663acfda3c-2":{"type":"column","settings":{"title":"","image_width":140}},"16427697663acfda3c-3":{"type":"column","settings":{"title":"","image_width":140}},"76984f3b-11fc-4b99-9d70-57bc6b65831f":{"type":"column","settings":{"title":"","image_width":140}},"43318783-309b-486b-8819-730dfb375e09":{"type":"column","settings":{"title":"","image_width":140}}},"block_order":["16427697663acfda3c-0","16427697663acfda3c-1","16427697663acfda3c-2","16427697663acfda3c-3","76984f3b-11fc-4b99-9d70-57bc6b65831f","43318783-309b-486b-8819-730dfb375e09"],"settings":{"brand_to_show_row":6,"image_ratio":"adapt","column_alignment":"center","border_top":false,"border_bottom":false}},"multicolumn":{"type":"multicolumn","blocks":{"3da4b0dc-1b4f-4997-852b-96e2c4dd7a04":{"type":"column","settings":{"title":"Column","text":"<p>Pair text with an image to focus on your chosen product, collection, or blog post. Add details on availability, style, or even provide a review.<\/p>"}},"9f91b218-0bb3-40cc-ad23-7f05720304b1":{"type":"column","settings":{"title":"Column","text":"<p>Pair text with an image to focus on your chosen product, collection, or blog post. Add details on availability, style, or even provide a review.<\/p>"}},"965b7591-4611-4543-880b-1b0deaabf37b":{"type":"column","settings":{"title":"Column","text":"<p>Pair text with an image to focus on your chosen product, collection, or blog post. Add details on availability, style, or even provide a review.<\/p>"}},"00aeb53a-9a4b-4846-a940-e4b66ff8f40f":{"type":"column","settings":{"title":"Column","text":"<p>Pair text with an image to focus on your chosen product, collection, or blog post. Add details on availability, style, or even provide a review.<\/p>"}}},"block_order":["3da4b0dc-1b4f-4997-852b-96e2c4dd7a04","9f91b218-0bb3-40cc-ad23-7f05720304b1","965b7591-4611-4543-880b-1b0deaabf37b","00aeb53a-9a4b-4846-a940-e4b66ff8f40f"],"settings":{"title":"","border_top":true,"border_bottom":true,"multicolumn_to_show_row":4,"image_width":"five","image_ratio":"adapt","column_alignment":"left","button_label":"","button_link":"","swipe_on_mobile":true}},"8510e41d-791d-44f1-8791-c3ce9ecab9fc":{"type":"multicolumn","blocks":{"template--17908467695889__8510e41d-791d-44f1-8791-c3ce9ecab9fc-167655299746a676da-0":{"type":"column","settings":{"title":"Column","text":"<p>Pair text with an image to focus on your chosen product, collection, or blog post. Add details on availability, style, or even provide a review.<\/p>"}},"template--17908467695889__8510e41d-791d-44f1-8791-c3ce9ecab9fc-167655299746a676da-1":{"type":"column","settings":{"title":"Column","text":"<p>Pair text with an image to focus on your chosen product, collection, or blog post. Add details on availability, style, or even provide a review.<\/p>"}},"template--17908467695889__8510e41d-791d-44f1-8791-c3ce9ecab9fc-167655299746a676da-2":{"type":"column","settings":{"title":"Column","text":"<p>Pair text with an image to focus on your chosen product, collection, or blog post. Add details on availability, style, or even provide a review.<\/p>"}},"template--17908467695889__8510e41d-791d-44f1-8791-c3ce9ecab9fc-167655299746a676da-3":{"type":"column","settings":{"title":"Column","text":"<p>Pair text with an image to focus on your chosen product, collection, or blog post. Add details on availability, style, or even provide a review.<\/p>"}}},"block_order":["template--17908467695889__8510e41d-791d-44f1-8791-c3ce9ecab9fc-167655299746a676da-0","template--17908467695889__8510e41d-791d-44f1-8791-c3ce9ecab9fc-167655299746a676da-1","template--17908467695889__8510e41d-791d-44f1-8791-c3ce9ecab9fc-167655299746a676da-2","template--17908467695889__8510e41d-791d-44f1-8791-c3ce9ecab9fc-167655299746a676da-3"],"settings":{"title":"Multicolumn","border_top":true,"border_bottom":true,"multicolumn_to_show_row":4,"image_width":"full","image_ratio":"adapt","column_alignment":"left","button_label":"Button label","button_link":"","swipe_on_mobile":false}},"collection_products2":{"type":"featured-collection","settings":{"title":"Latest Arrivals","title_size":"h3","title_number":"","title_number_size":100,"sub_title":"","text_information":"","text_align":"left","show_view_all":true,"button_label":"View All","button_style":"secondary","button_order":"under","collection":"","products_to_show":8,"products_to_show_row":4,"swipe_on_mobile":false,"image_ratio":"portrait","show_secondary_image":false,"show_vendor":false,"border_top":false,"border_bottom":false}},"categories_list":{"type":"categories-list","blocks":{"1643119147f8ac2ec8-0":{"type":"categories","settings":{"collection":""}},"1643119147f8ac2ec8-1":{"type":"categories","settings":{"collection":""}},"1643119147f8ac2ec8-2":{"type":"categories","settings":{"collection":""}}},"block_order":["1643119147f8ac2ec8-0","1643119147f8ac2ec8-1","1643119147f8ac2ec8-2"],"settings":{"sub_title":"Categories","color_scheme":"background-2","border_top":false,"border_bottom":false}},"video":{"type":"video","settings":{"heading":"Description for your video","sub_title":"subheading","video_url":"https:\/\/www.youtube.com\/watch?v=_9VUPq3SxOc","description":"","round_stamp_enable":true,"round_stamp_text":"stockholm ~ stockholm ~","round_stamp_width":140,"round_stamp_size":50,"round_stamp_letter_spacing":8,"border_top":false,"border_bottom":false}},"image_text":{"type":"image-with-text","blocks":{"heading":{"type":"heading","settings":{"heading":"Some heading for this section","sub_title":"subheading"}},"text":{"type":"text","settings":{"text":"<p>Some description for this section.<\/p>"}},"button":{"type":"button","settings":{"button_label":"Read more","button_type":"secondary","button_link":""}}},"block_order":["heading","text","button"],"settings":{"height":"adapt","layout":"image_last","round_stamp_enable":true,"round_stamp_text":"stockholm ~ stockholm ~","round_stamp_width":140,"round_stamp_size":50,"round_stamp_letter_spacing":8,"border_top":true,"border_bottom":true}},"featured_blog":{"type":"featured-blog","settings":{"heading":"Latest Articles","border_top":false,"border_bottom":false,"blog":"","post_limit":3,"show_image":true,"show_date":true,"show_author":false,"show_view_all":true}},"9f96da00-ba0e-4c90-9bd7-83b5fe891a06":{"type":"custom-apps","blocks":{"c1e78674-60c8-44cf-8bd9-28d4eed34f95":{"type":"shopify:\/\/apps\/instafeed-instagram-feed\/blocks\/app-block\/c447db20-095d-4a10-9725-b5977662c9d5","settings":{"heading_size":20,"feed_width":100,"html_area":""}}},"block_order":["c1e78674-60c8-44cf-8bd9-28d4eed34f95"],"settings":{"include_margins":true}}},"order":["cced065b-ca86-4ca7-88fd-6332def6b2a2","testimonials","7f678616-85f8-4b7b-9b7b-49d76fd8f5ac","c7d216ef-fd78-4ff3-ae5d-250d94c48c4f","5b62e258-cbc1-4c4c-b6ad-97fc827518f1","brand_image","multicolumn","8510e41d-791d-44f1-8791-c3ce9ecab9fc","collection_products2","categories_list","video","image_text","featured_blog","9f96da00-ba0e-4c90-9bd7-83b5fe891a06"]}