{"sections":{"main":{"type":"main-list-collections","settings":{"title":"Collections","sort":"alphabetical_reversed","image_ratio":"portrait"}},"newsletter":{"type":"newsletter","settings":{"color_scheme":"background-2","heading":"Subscribe to Our Newsletter","newsletter_text":"<p>By pressing the button “Subscribe”, you confirm that you have read and are agreeing to our <a href=\"\/collections\/all\" title=\"All products\">Terms of Use<\/a> regarding the storage of the data submitted through this form.<\/p>","full_width":true}}},"order":["main","newsletter"]}