{"sections":{"main":{"type":"main-page","settings":{}},"form":{"type":"contact-form","settings":{"heading":""}},"newsletter":{"type":"newsletter","disabled":true,"settings":{"color_scheme":"background-2","heading":"Subscribe to Our Newsletter","newsletter_text":"<p>By pressing the button “Subscribe”, you confirm that you have read and are agreeing to our <a href=\"\/collections\/all\" title=\"All products\">Terms of Use<\/a> regarding the storage of the data submitted through this form.<\/p>","full_width":true}}},"order":["main","form","newsletter"]}