{"sections":{"main":{"type":"main-product","blocks":{"vendor":{"type":"text","settings":{"text":"{{ product.vendor }}","text_style":"subheading"}},"title":{"type":"title","settings":{}},"description":{"type":"description","settings":{}},"price":{"type":"price","settings":{}},"tags":{"type":"tags","settings":{}},"variant_picker":{"type":"variant_picker","settings":{}},"buy_buttons":{"type":"buy_buttons","settings":{"show_dynamic_checkout":true}},"additional":{"type":"additional","settings":{"heading":"Title for additional description","content":"<p>include an additional description for your product<\/p>"}},"share":{"type":"share","settings":{"show_share_facebook":true,"show_share_twitter":true,"show_share_pinterest":true,"show_share_copy":true}}},"block_order":["vendor","title","description","price","tags","variant_picker","buy_buttons","additional","share"],"settings":{"enable_sticky_info":true,"enable_video_looping":false,"gallery_alignment_desktop":"left","gallery_alignment_mobile":"before"}},"8204117f-52d3-4071-843d-60f42472aa62":{"type":"multicolumn","blocks":{"template--17908467859729__8204117f-52d3-4071-843d-60f42472aa62-16766303385a116571-0":{"type":"column","settings":{"title":"Column","text":"<p>Pair text with an image to focus on your chosen product, collection, or blog post. Add details on availability, style, or even provide a review.<\/p>"}},"template--17908467859729__8204117f-52d3-4071-843d-60f42472aa62-16766303385a116571-1":{"type":"column","settings":{"title":"Column","text":"<p>Pair text with an image to focus on your chosen product, collection, or blog post. Add details on availability, style, or even provide a review.<\/p>"}},"template--17908467859729__8204117f-52d3-4071-843d-60f42472aa62-16766303385a116571-2":{"type":"column","settings":{"title":"Column","text":"<p>Pair text with an image to focus on your chosen product, collection, or blog post. Add details on availability, style, or even provide a review.<\/p>"}},"template--17908467859729__8204117f-52d3-4071-843d-60f42472aa62-16766303385a116571-3":{"type":"column","settings":{"title":"Column","text":"<p>Pair text with an image to focus on your chosen product, collection, or blog post. Add details on availability, style, or even provide a review.<\/p>"}}},"block_order":["template--17908467859729__8204117f-52d3-4071-843d-60f42472aa62-16766303385a116571-0","template--17908467859729__8204117f-52d3-4071-843d-60f42472aa62-16766303385a116571-1","template--17908467859729__8204117f-52d3-4071-843d-60f42472aa62-16766303385a116571-2","template--17908467859729__8204117f-52d3-4071-843d-60f42472aa62-16766303385a116571-3"],"settings":{"title":"Multicolumn","border_top":true,"border_bottom":true,"multicolumn_to_show_row":4,"image_width":"full","image_ratio":"adapt","column_alignment":"left","button_label":"Button label","button_link":"","swipe_on_mobile":false}},"product-image-with-text":{"type":"product-image-with-text","settings":{"sub_title":"For instance collection name","text":"Talk about your brand, collection or product","name_author":"For instance author name,","position_author":"For instance author position","border_top":true,"border_bottom":false}},"b64dbd0b-2e20-45b8-9e9d-d91f04921273":{"type":"brand-image","blocks":{"template--17908467859729__b64dbd0b-2e20-45b8-9e9d-d91f04921273-167663056809b0df03-0":{"type":"column","settings":{"title":"Brands","image_width":140}},"template--17908467859729__b64dbd0b-2e20-45b8-9e9d-d91f04921273-167663056809b0df03-1":{"type":"column","settings":{"title":"Brands","image_width":140}},"template--17908467859729__b64dbd0b-2e20-45b8-9e9d-d91f04921273-167663056809b0df03-2":{"type":"column","settings":{"title":"Brands","image_width":140}},"template--17908467859729__b64dbd0b-2e20-45b8-9e9d-d91f04921273-167663056809b0df03-3":{"type":"column","settings":{"title":"Brands","image_width":140}},"template--17908467859729__b64dbd0b-2e20-45b8-9e9d-d91f04921273-167663056809b0df03-4":{"type":"column","settings":{"title":"Brands","image_width":140}},"template--17908467859729__b64dbd0b-2e20-45b8-9e9d-d91f04921273-167663056809b0df03-5":{"type":"column","settings":{"title":"Brands","image_width":140}}},"block_order":["template--17908467859729__b64dbd0b-2e20-45b8-9e9d-d91f04921273-167663056809b0df03-0","template--17908467859729__b64dbd0b-2e20-45b8-9e9d-d91f04921273-167663056809b0df03-1","template--17908467859729__b64dbd0b-2e20-45b8-9e9d-d91f04921273-167663056809b0df03-2","template--17908467859729__b64dbd0b-2e20-45b8-9e9d-d91f04921273-167663056809b0df03-3","template--17908467859729__b64dbd0b-2e20-45b8-9e9d-d91f04921273-167663056809b0df03-4","template--17908467859729__b64dbd0b-2e20-45b8-9e9d-d91f04921273-167663056809b0df03-5"],"settings":{"brand_to_show_row":6,"image_ratio":"adapt","column_alignment":"center","border_top":false,"border_bottom":false}},"product-recommendations":{"type":"product-recommendations","settings":{"heading":"You may also like","image_ratio":"adapt","show_secondary_image":false,"add_image_padding":false,"show_vendor":false}},"newsletter":{"type":"newsletter","disabled":true,"settings":{"color_scheme":"background-2","heading":"Subscribe to Our Newsletter","newsletter_text":"<p>By pressing the button “Subscribe”, you confirm that you have read and are agreeing to our <a href=\"\/collections\/all\" title=\"All products\">Terms of Use<\/a> regarding the storage of the data submitted through this form.<\/p>","full_width":true}},"56de35a1-3829-46f6-8ab7-cfe10fd78d1c":{"type":"custom-apps","blocks":{"342752a3-a32e-479c-b415-5411418f8d92":{"type":"shopify:\/\/apps\/judge-me-product-reviews\/blocks\/featured_carousel\/61ccd3b1-a9f2-4160-9fe9-4fec8413e5d8","settings":{"maxwidth":1080}}},"block_order":["342752a3-a32e-479c-b415-5411418f8d92"],"settings":{"include_margins":true}},"eb429977-a9d9-4f6f-bd2f-70933cfb1f87":{"type":"featured-collection","settings":{"title":"Some header for your collection","title_size":"h2","title_number":"30","title_number_size":100,"sub_title":"Subheading","text_information":"Some descriptive text for your collection. For better alignment, it is better to use text in several lines","text_align":"left","show_view_all":true,"button_label":"Shop now","button_style":"primary","button_order":"above","collection":"","products_to_show":4,"products_to_show_row":4,"swipe_on_mobile":false,"image_ratio":"portrait","show_secondary_image":false,"show_vendor":false,"border_top":true,"border_bottom":false}},"56345542-ae6e-428a-859e-8ca91c901039":{"type":"video","settings":{"heading":"Description for your video","sub_title":"subheading","video_url":"https:\/\/www.youtube.com\/watch?v=_9VUPq3SxOc","description":"","round_stamp_enable":true,"round_stamp_text":"stockholm ~ stockholm ~","round_stamp_width":140,"round_stamp_size":50,"round_stamp_letter_spacing":8,"border_top":false,"border_bottom":false}}},"order":["main","8204117f-52d3-4071-843d-60f42472aa62","product-image-with-text","b64dbd0b-2e20-45b8-9e9d-d91f04921273","product-recommendations","newsletter","56de35a1-3829-46f6-8ab7-cfe10fd78d1c","eb429977-a9d9-4f6f-bd2f-70933cfb1f87","56345542-ae6e-428a-859e-8ca91c901039"]}