{"current":{"colors_solid_button_labels":"#f5f0f0","colors_solid_button_background":"#bb0e0e","colors_text":"#000000","colors_text_title":"#211C1C","colors_text_secondary":"#6d6b6b","colors_background_1":"#ffffff","colors_background_2":"#000000","colors_secondary_element_background":"#000000","colors_background_border_section":"#211C1C","colors_background_announcement_bar":"#bb0e0e","type_header_font":"avenir_next_n5","type_header_letter_spacing":"0","type_header_font_card":"roboto_n5","type_header_card_letter_spacing":"0.1","heading_text_transform_card":"uppercase","type_body_font":"roboto_n4","type_button_font":"harmonia_sans_n7","button_text_transform":"uppercase","type_header_menu_font":"roboto_n5","sale_badge_color_scheme":"background-1","social_twitter_link":"https:\/\/twitter.com\/shopifysupport","social_facebook_link":"https:\/\/www.facebook.com\/shopify","social_instagram_link":"","social_youtube_link":"https:\/\/www.youtube.com\/user\/shopify","font_custom":"custom","font_custom_heading":"custom-1","sections":{"announcement-bar":{"type":"announcement-bar","blocks":{"announcement-bar-0":{"type":"announcement","settings":{"text":"For example, a test of the announcement of some news","link":""}}},"block_order":["announcement-bar-0"],"settings":{}},"header":{"type":"header","blocks":{"5480ecde-bbed-49b1-bc63-bbec4e65bc70":{"type":"featured_collection","settings":{"header_id":"come play","product_list":["mizaj","khyal","ikraar"],"show_collection":false,"collection_list":["new-arrivals"]}},"3da6cd31-f4bc-4650-a038-272a89bf02cb":{"type":"featured_collection","settings":{"header_id":"in the garden","product_list":["ehsaas","arzoo","haya"],"show_collection":false,"collection_list":[]}}},"block_order":["5480ecde-bbed-49b1-bc63-bbec4e65bc70","3da6cd31-f4bc-4650-a038-272a89bf02cb"],"settings":{"logo":"shopify:\/\/shop_images\/WHITE_LOGO_GOIP_3d203008-d2b3-4c20-bcfb-fb4745ac6380.png","logo_width":100,"logo_position":"top-center","menu":"main-menu","show_line_separator":true,"show_social":false,"enable_country_selector":true,"enable_sticky_header":true,"show_collection_card":false,"title":"Time to Dress Up Your Home","image_ratio":"portrait","image_padding":false,"swipe_on_mobile":false}},"information-bar":{"type":"information-bar","settings":{"show_line_separator":false,"margin_bottom":false,"swipe_on_mobile":false}},"footer":{"type":"footer","blocks":{"footer-0":{"type":"logo_info","settings":{"logo_width":100}},"footer-1":{"type":"text","settings":{"heading":"Description title","subtext":"<p>Some descriptive text for your footer. For better alignment, it is better to use text in several lines.<\/p>"}},"footer-2":{"type":"link_list","settings":{"heading":"Quick links","menu":"footer"}}},"block_order":["footer-0","footer-1","footer-2"],"settings":{"color_scheme":"inverse","bottom_menu":"footer","show_social":false,"enable_country_selector":false,"enable_language_selector":false,"payment_enable":false}}},"content_for_index":[],"blocks":{"2209279550302034861":{"type":"shopify:\/\/apps\/shop-quiz-product-recommender\/blocks\/link-popup\/672f3d48-fd3b-4227-8778-c6e58c4f8a98","disabled":false,"settings":{"show_list":true}},"2993056048391974366":{"type":"shopify:\/\/apps\/shop-quiz-product-recommender\/blocks\/chat-button\/672f3d48-fd3b-4227-8778-c6e58c4f8a98","disabled":false,"settings":{"quiz_id":"","chat_color":"#1878B9","chat_hide":false,"chat_dot":true,"chat_greeting":"","quiz_width":"100","quiz_height":"100"}},"6441254115607727225":{"type":"shopify:\/\/apps\/shop-quiz-product-recommender\/blocks\/automatic-popup\/672f3d48-fd3b-4227-8778-c6e58c4f8a98","disabled":false,"settings":{"quiz_id":"","quiz_timeout":20,"quiz_width":"100","quiz_height":"100","quiz_exit_intent":false}}}},"presets":{"Default":{"colors_solid_button_background":"#000000","colors_text":"#211C1C","colors_text_title":"#211C1C","colors_text_secondary":"#6d6b6b","colors_background_1":"#FFFFFF","colors_background_2":"#f4f4f4","colors_secondary_element_background":"#F4F4F4","colors_background_border_section":"#211C1C","colors_background_announcement_bar":"#211C1C","type_header_font":"avenir_next_n5","type_header_letter_spacing":"0","type_header_font_card":"avenir_next_n6","type_header_card_letter_spacing":"0.1","heading_text_transform_card":"uppercase","type_body_font":"avenir_next_n5","type_button_font":"harmonia_sans_n7","button_text_transform":"uppercase","type_header_menu_font":"harmonia_sans_n7","sale_badge_color_scheme":"background-1","social_twitter_link":"https:\/\/twitter.com\/shopifysupport","social_facebook_link":"https:\/\/www.facebook.com\/shopify","social_instagram_link":"","social_youtube_link":"https:\/\/www.youtube.com\/user\/shopify","font_custom":"custom","font_custom_heading":"custom-1"},"Beauty":{"colors_solid_button_background":"#a3ab94","colors_text":"#302925","colors_text_title":"#622e2e","colors_text_secondary":"#a3ab94","colors_background_1":"#faf7f4","colors_background_2":"#f3efea","colors_secondary_element_background":"#f3efea","colors_background_border_section":"#a3ab94","colors_background_announcement_bar":"#A3AB94","type_header_font":"americana_n4","type_header_letter_spacing":"0","type_header_font_card":"americana_n4","heading_scale_card":130,"heading_text_transform_card":"none","type_body_font":"avenir_next_n5","type_button_font":"harmonia_sans_n7","button_text_transform":"uppercase","type_header_menu_font":"harmonia_sans_n7","sale_badge_color_scheme":"background-1","quickview_show":false,"font_custom":"custom","font_custom_heading":"custom-2","social_twitter_link":"https:\/\/twitter.com\/shopifysupport","social_facebook_link":"https:\/\/www.facebook.com\/shopify","social_instagram_link":"","social_youtube_link":"https:\/\/www.youtube.com\/user\/shopify"},"Style":{"colors_solid_button_background":"#cbb8c1","colors_text":"#1c181a","colors_text_title":"#0e0c0d","colors_text_secondary":"#cbb8c1","colors_background_1":"#ffffff","colors_background_2":"#f4f4f4","colors_secondary_element_background":"#f4f4f4","colors_background_border_section":"#0e0c0d","colors_background_announcement_bar":"#cbb8c1","type_header_font":"questrial_n4","type_header_letter_spacing":"0","type_header_font_card":"questrial_n4","heading_scale_card":130,"heading_text_transform_card":"none","type_body_font":"avenir_next_n5","type_button_font":"harmonia_sans_n7","button_text_transform":"uppercase","type_header_menu_font":"harmonia_sans_n7","sale_badge_color_scheme":"background-1","social_twitter_link":"https:\/\/twitter.com\/shopifysupport","social_facebook_link":"https:\/\/www.facebook.com\/shopify","social_instagram_link":"","social_youtube_link":"https:\/\/www.youtube.com\/user\/shopify","quickview_show":false,"quickview_hover":false,"font_custom":"custom","font_custom_heading":"custom-3"},"Accessories":{"colors_solid_button_background":"#a5947b","colors_outline_button_labels":"#585858","colors_text":"#211c1c","colors_text_title":"#585858","colors_text_secondary":"#9d9d9d","colors_background_1":"#FFFFFF","colors_background_2":"#f6f6f6","colors_secondary_element_background":"#f6f6f6","colors_background_border_section":"#a5947b","colors_background_announcement_bar":"#a5947b","type_header_font":"avenir_next_n4","heading_scale":110,"type_header_letter_spacing":"-0.04","type_header_font_card":"avenir_next_n6","type_header_card_letter_spacing":"0.095","heading_text_transform_card":"uppercase","type_body_font":"avenir_next_n5","type_button_font":"harmonia_sans_n7","button_text_transform":"uppercase","type_header_menu_font":"harmonia_sans_n7","indent_section":112,"sale_badge_color_scheme":"background-1","sold_out_badge_color_scheme":"inverse","social_twitter_link":"","social_facebook_link":"","social_instagram_link":"","font_custom":"custom","font_custom_heading":"custom-1"},"Crafts":{"colors_solid_button_labels":"#FFFFFF","colors_solid_button_background":"#49544b","colors_outline_button_labels":"#49544b","colors_text":"#211c1c","colors_text_title":"#49544b","colors_text_secondary":"#9d9d9d","colors_background_1":"#f7f7f3","colors_background_2":"#FFFFFF","colors_secondary_element_background":"#f4f4f4","colors_background_border_section":"#49544b","colors_background_announcement_bar":"#49544b","type_header_font":"zurich_extended_n4","heading_scale":100,"type_header_letter_spacing":"-0.06","type_header_font_card":"avenir_next_n6","type_header_card_letter_spacing":"0.095","heading_text_transform_card":"uppercase","type_body_font":"avenir_next_n5","type_button_font":"harmonia_sans_n7","button_text_transform":"uppercase","type_header_menu_font":"harmonia_sans_n7","indent_section":112,"sale_badge_color_scheme":"background-2","sold_out_badge_color_scheme":"background-2","social_twitter_link":"","social_facebook_link":"https:\/\/facebook.com\/shopify","social_pinterest_link":"https:\/\/pinterest.com\/shopify","social_instagram_link":"http:\/\/instagram.com\/shopify","font_custom":"custom","font_custom_heading":"custom-1"}}}